<wddxPacket version='1.0'><header/><data><recordset rowCount='4' fieldNames='CONTENTHISTID,CREATED,STATUS,REQUESTID,CHAINID,SITEID,USERID,GROUPID' type='coldfusion.sql.QueryTable'><field name='CONTENTHISTID'><string>FEDB0EB3-B276-4251-B5AADE4BE37043C5</string><string>FEDB0EB3-B276-4251-B5AADE4BE37043C5</string><string>FEDB0EB3-B276-4251-B5AADE4BE37043C5</string><string>FEDB0EB3-B276-4251-B5AADE4BE37043C5</string></field><field name='CREATED'><dateTime>2017-1-17T21:40:54+0:0</dateTime><dateTime>2017-1-17T20:40:54+0:0</dateTime><dateTime>2017-1-17T21:40:54+0:0</dateTime><dateTime>2017-1-17T20:40:54+0:0</dateTime></field><field name='STATUS'><string>Approved</string><string>Approved</string><string>Approved</string><string>Approved</string></field><field name='REQUESTID'><string>0FAE00E5-9ED0-45AB-A4120DE5D3CCC243</string><string>229BC6B6-F534-4B9E-8D59F310B6A05259</string><string>6A18BE98-DEEE-4271-BE003E7F694D9FFE</string><string>BD1D816B-6943-48D1-B356A6F44D904A07</string></field><field name='CHAINID'><string>466FBF5B-1885-4689-B1E3A6B9549ECB48</string><string>466FBF5B-1885-4689-B1E3A6B9549ECB48</string><string>466FBF5B-1885-4689-B1E3A6B9549ECB48</string><string>466FBF5B-1885-4689-B1E3A6B9549ECB48</string></field><field name='SITEID'><string>default</string><string>zerofour</string><string>test</string><string>test</string></field><field name='USERID'><string>6823FD59-9485-4B1F-B2FD7EC5B449C96E</string><string>6823FD59-9485-4B1F-B2FD7EC5B449C96E</string><string>6823FD59-9485-4B1F-B2FD7EC5B449C96E</string><string>6823FD59-9485-4B1F-B2FD7EC5B449C96E</string></field><field name='GROUPID'><string>223DAACF-0BB1-428B-928629A2877793AA</string><string>223DAACF-0BB1-428B-928629A2877793AA</string><string>223DAACF-0BB1-428B-928629A2877793AA</string><string>223DAACF-0BB1-428B-928629A2877793AA</string></field></recordset></data></wddxPacket>
