<wddxPacket version='1.0'><header/><data><recordset rowCount='18' fieldNames='OBJECT,SITEID,NAME,ORDERNO' type='coldfusion.sql.QueryTable'><field name='OBJECT'><string>event_reminder_form</string><string>forward_email</string><string>site_map</string><string>peer_nav</string><string>sub_nav</string><string>standard_nav</string><string>folder_nav</string><string>seq_nav</string><string>payPalCart</string><string>rater</string><string>favorites</string><string>dragable_feeds</string><string>related_content</string><string>user_tools</string><string>tag_cloud</string><string>goToFirstChild</string><string>multilevel_nav</string><string>comments</string></field><field name='SITEID'><string>zerofour</string><string>zerofour</string><string>zerofour</string><string>zerofour</string><string>zerofour</string><string>zerofour</string><string>zerofour</string><string>zerofour</string><string>zerofour</string><string>zerofour</string><string>zerofour</string><string>zerofour</string><string>zerofour</string><string>zerofour</string><string>zerofour</string><string>zerofour</string><string>zerofour</string><string>zerofour</string></field><field name='NAME'><string>Event Reminder Form</string><string>Forward Email</string><string>Site Map</string><string>Peer Navigation</string><string>Sub Navigation</string><string>Standard Navigation</string><string>Folder Navigation</string><string>Sequential Nav</string><string>PayPal Shopping Cart</string><string>Content Rater</string><string>User Favorites</string><string>Dragable Feeds</string><string>Related Content</string><string>User Tools</string><string>Tag Cloud</string><string>Go To First Child</string><string>Multi-Level Navigation</string><string>Comment Form</string></field><field name='ORDERNO'><number>12.0</number><number>13.0</number><number>2.0</number><number>3.0</number><number>4.0</number><number>5.0</number><number>6.0</number><number>8.0</number><number>14.0</number><number>16.0</number><number>17.0</number><number>18.0</number><number>19.0</number><number>20.0</number><number>21.0</number><number>23.0</number><number>7.0</number><number>9.0</number></field></recordset></data></wddxPacket>
