<wddxPacket version='1.0'><header/><data><recordset rowCount='0' fieldNames='CAPTION,REMOTEPUBDATE,FILEID,CONTENTHISTID,CREDITS,METAID,REMOTESOURCE,REMOTESOURCEURL,CONTENTID,ALTTEXT,REMOTEID,REMOTEURL,SITEID,EXIF' type='coldfusion.sql.QueryTable'><field name='CAPTION'></field><field name='REMOTEPUBDATE'></field><field name='FILEID'></field><field name='CONTENTHISTID'></field><field name='CREDITS'></field><field name='METAID'></field><field name='REMOTESOURCE'></field><field name='REMOTESOURCEURL'></field><field name='CONTENTID'></field><field name='ALTTEXT'></field><field name='REMOTEID'></field><field name='REMOTEURL'></field><field name='SITEID'></field><field name='EXIF'></field></recordset></data></wddxPacket>
