<wddxPacket version='1.0'><header/><data><recordset rowCount='20' fieldNames='CONTENTHISTID,OBJECTID,OBJECT,CONTENTID,NAME,ORDERNO,SITEID,COLUMNID,PARAMS' type='coldfusion.sql.QueryTable'><field name='CONTENTHISTID'><string>FF81537F-39EB-4AF0-9D215D050CC1E52F</string><string>142B7E34-6D99-4068-B48F441FEE5C28E1</string><string>142B7E34-6D99-4068-B48F441FEE5C28E1</string><string>142B7E34-6D99-4068-B48F441FEE5C28E1</string><string>F58FC1CB-EEF9-44C5-80F1C4110B4942A6</string><string>F58FC1CB-EEF9-44C5-80F1C4110B4942A6</string><string>47C3BE5B-5783-4033-96CE5772A997BA24</string><string>47C3BE5B-5783-4033-96CE5772A997BA24</string><string>47C3BE5B-5783-4033-96CE5772A997BA24</string><string>47C3BE5B-5783-4033-96CE5772A997BA24</string><string>33EF8CD6-4B01-4ECF-95F8A36D2CAFFEC6</string><string>33EF8CD6-4B01-4ECF-95F8A36D2CAFFEC6</string><string>33EF8CD6-4B01-4ECF-95F8A36D2CAFFEC6</string><string>33EF8CD6-4B01-4ECF-95F8A36D2CAFFEC6</string><string>33EF8CD6-4B01-4ECF-95F8A36D2CAFFEC6</string><string>33EF8CD6-4B01-4ECF-95F8A36D2CAFFEC6</string><string>3CC335FC-2571-4618-8D6E52F1DD4B0440</string><string>B040A293-F80D-42E3-9826039C6E49CDF9</string><string>B040A293-F80D-42E3-9826039C6E49CDF9</string><string>D4136060-E15D-4E50-988EC9F5C9F22224</string></field><field name='OBJECTID'><string>8E0FBF7C-B390-41E9-A843C60414301FD1</string><string>CC35D7E8-5798-45BD-BF54A92E664BC21A</string><string>26B20624-809B-40BE-97DE7BE78226989A</string><string>012EC564-600E-42B0-88D34569807C85E8</string><string>5242494D-BAE3-474C-ABCD0B0F38EF2A2E</string><string>06594021-A7BA-4C5C-A4B4FB95B2443681</string><string>6C7E4418-6CD4-4B8C-BB808651EA17B43B</string><string>AE2C2503-BA76-40F1-B7ABFF81A91C208D</string><string>AE2C2503-BA76-40F1-B7ABFF81A91C208D</string><string>AE2C2503-BA76-40F1-B7ABFF81A91C208D</string><string>55D39E4D-95C4-49BD-B08A6B4462BFD47E</string><string>55D39E4D-95C4-49BD-B08A6B4462BFD47E</string><string>3C1D9C09-46DA-4496-A19028D7B54DA96D</string><string>570F39D0-9EC0-49C2-95CFDE01DF9C5C21</string><string>55D39E4D-95C4-49BD-B08A6B4462BFD47E</string><string>55D39E4D-95C4-49BD-B08A6B4462BFD47E</string><string>12F4E417-2D54-4DD0-99BFC5797A631A87</string><string>4F9E7188-F405-4256-8C8297CFC60E7ECB</string><string>1A5D5B7D-9A91-43AD-B0B0045AB519B64C</string><string>4720D82E-65E4-434D-9D2D2A335232154E</string></field><field name='OBJECT'><string>dragable_feeds</string><string>collection</string><string>feed</string><string>feed</string><string>standard_nav</string><string>user_tools</string><string>comments</string><string>calendar_nav</string><string>archive_nav</string><string>tag_cloud</string><string>calendar_nav</string><string>archive_nav</string><string>comments</string><string>category_summary</string><string>category_summary</string><string>tag_cloud</string><string>site_map</string><string>standard_nav</string><string>collection</string><string>feed</string></field><field name='CONTENTID'><string>2E8CD2F4-3790-4A2E-82794334E7C0F2D7</string><string>00000000000000000000000000000000001</string><string>00000000000000000000000000000000001</string><string>00000000000000000000000000000000001</string><string>378DB26A-1D74-4B10-AA282425D5959955</string><string>378DB26A-1D74-4B10-AA282425D5959955</string><string>AE2C2503-BA76-40F1-B7ABFF81A91C208D</string><string>AE2C2503-BA76-40F1-B7ABFF81A91C208D</string><string>AE2C2503-BA76-40F1-B7ABFF81A91C208D</string><string>AE2C2503-BA76-40F1-B7ABFF81A91C208D</string><string>55D39E4D-95C4-49BD-B08A6B4462BFD47E</string><string>55D39E4D-95C4-49BD-B08A6B4462BFD47E</string><string>55D39E4D-95C4-49BD-B08A6B4462BFD47E</string><string>55D39E4D-95C4-49BD-B08A6B4462BFD47E</string><string>55D39E4D-95C4-49BD-B08A6B4462BFD47E</string><string>55D39E4D-95C4-49BD-B08A6B4462BFD47E</string><string>A19F5330-F9DC-4DAC-9442F3515E130349</string><string>4F9E7188-F405-4256-8C8297CFC60E7ECB</string><string>4F9E7188-F405-4256-8C8297CFC60E7ECB</string><string>92CD9172-BA92-4508-B974C9E1B4F843BA</string></field><field name='NAME'><string>Dragable Feeds</string><string>&lt;i class=&quot;mi-th-list&quot;&gt;&lt;/i&gt; Collection</string><string>Mura Blog - Remote Feed</string><string>From Our Blog - Local Index</string><string>Standard Navigation</string><string>User Tools</string><string>Comments</string><string>&lt;i class=&quot;mi-align-justify&quot;&gt;&lt;/i&gt; Navigation</string><string>&lt;i class=&quot;mi-align-justify&quot;&gt;&lt;/i&gt; Navigation</string><string>&lt;i class=&quot;mi-align-justify&quot;&gt;&lt;/i&gt; Navigation</string><string>&lt;i class=&quot;mi-align-justify&quot;&gt;&lt;/i&gt; Navigation</string><string>&lt;i class=&quot;mi-align-justify&quot;&gt;&lt;/i&gt; Navigation</string><string>comments</string><string>category_summary</string><string>category_summary</string><string>Navigation</string><string>Site Map</string><string>Navigation</string><string>Collection</string><string>Upcoming Events - Local Index</string></field><field name='ORDERNO'><number>1.0</number><number>1.0</number><number>2.0</number><number>1.0</number><number>1.0</number><number>2.0</number><number>1.0</number><number>1.0</number><number>2.0</number><number>3.0</number><number>1.0</number><number>2.0</number><number>1.0</number><number>1.0</number><number>2.0</number><number>3.0</number><number>1.0</number><number>1.0</number><number>1.0</number><number>1.0</number></field><field name='SITEID'><string>zerofour</string><string>zerofour</string><string>zerofour</string><string>zerofour</string><string>zerofour</string><string>zerofour</string><string>zerofour</string><string>zerofour</string><string>zerofour</string><string>zerofour</string><string>zerofour</string><string>zerofour</string><string>zerofour</string><string>zerofour</string><string>zerofour</string><string>zerofour</string><string>zerofour</string><string>zerofour</string><string>zerofour</string><string>zerofour</string></field><field name='COLUMNID'><number>2.0</number><number>2.0</number><number>3.0</number><number>3.0</number><number>1.0</number><number>1.0</number><number>2.0</number><number>3.0</number><number>3.0</number><number>3.0</number><number>1.0</number><number>1.0</number><number>2.0</number><number>3.0</number><number>3.0</number><number>3.0</number><number>2.0</number><number>1.0</number><number>3.0</number><number>3.0</number></field><field name='PARAMS'><string></string><string>{&quot;object&quot;:&quot;collection&quot;,&quot;objectname&quot;:&quot;&lt;i class=\&quot;mi-th-list\&quot;&gt;&lt;/i&gt; Collection&quot;,&quot;inited&quot;:true,&quot;sourcetype&quot;:&quot;localindex&quot;,&quot;label&quot;:&quot;From Our Blog&quot;,&quot;css&quot;:&quot;&quot;,&quot;&quot;:&quot;&quot;,&quot;source&quot;:&quot;012EC564-600E-42B0-88D34569807C85E8&quot;,&quot;layout&quot;:&quot;grid&quot;,&quot;imagesize&quot;:&quot;carouselimage&quot;,&quot;imageheight&quot;:&quot;AUTO&quot;,&quot;imagewidth&quot;:&quot;AUTO&quot;,&quot;displaylist&quot;:&quot;Image,Date,Title,Summary,Credits&quot;,&quot;modalimages&quot;:false,&quot;maxitems&quot;:3,&quot;nextn&quot;:20,&quot;gridstyle&quot;:&quot;mura-grid-three&quot;,&quot;render&quot;:&quot;server&quot;,&quot;items&quot;:&quot;&quot;,&quot;viewalllink&quot;:&quot;&quot;,&quot;viewalllabel&quot;:&quot;&quot;,&quot;sourceid&quot;:&quot;012EC564-600E-42B0-88D34569807C85E8&quot;,&quot;cssclass&quot;:&quot;home-news&quot;,&quot;class&quot;:&quot;home-news&quot;}</string><string>{&quot;displaySummaries&quot;:&quot;0&quot;,&quot;viewalllink&quot;:&quot;&quot;,&quot;viewalllabel&quot;:&quot;&quot;}</string><string>{&quot;imageSize&quot;:&quot;small&quot;,&quot;imageWidth&quot;:&quot;AUTO&quot;,&quot;imageHeight&quot;:&quot;AUTO&quot;,&quot;displayName&quot;:&quot;1&quot;,&quot;altName&quot;:&quot;From Our Blog&quot;,&quot;cssclass&quot;:&quot;&quot;,&quot;viewalllink&quot;:&quot;&quot;,&quot;viewalllabel&quot;:&quot;&quot;,&quot;maxItems&quot;:&quot;1&quot;,&quot;nextN&quot;:&quot;20&quot;,&quot;displayList&quot;:&quot;Date,Title,Summary,Credits&quot;}</string><string></string><string></string><string>{&quot;object&quot;:&quot;comments&quot;,&quot;render&quot;:&quot;server&quot;,&quot;css&quot;:&quot;&quot;,&quot;inited&quot;:true,&quot;objectname&quot;:&quot;Comments&quot;,&quot;objecticonclass&quot;:&quot;mi-cog&quot;}</string><string>{&quot;object&quot;:&quot;calendar_nav&quot;,&quot;render&quot;:&quot;server&quot;,&quot;objectname&quot;:&quot;&lt;i class=\&quot;mi-align-justify\&quot;&gt;&lt;/i&gt; Navigation&quot;,&quot;objecticonclass&quot;:&quot;mi-cog&quot;}</string><string>{&quot;object&quot;:&quot;archive_nav&quot;,&quot;render&quot;:&quot;server&quot;,&quot;objecticonclass&quot;:&quot;mi-cog&quot;,&quot;objectname&quot;:&quot;&lt;i class=\&quot;mi-align-justify\&quot;&gt;&lt;/i&gt; Navigation&quot;}</string><string>{&quot;object&quot;:&quot;tag_cloud&quot;,&quot;objectname&quot;:&quot;&lt;i class=\&quot;mi-align-justify\&quot;&gt;&lt;/i&gt; Navigation&quot;,&quot;inited&quot;:true,&quot;taggroup&quot;:&quot;&quot;,&quot;css&quot;:&quot;&quot;,&quot;objecticonclass&quot;:&quot;mi-cog&quot;}</string><string>{&quot;object&quot;:&quot;calendar_nav&quot;,&quot;render&quot;:&quot;server&quot;,&quot;objectname&quot;:&quot;&lt;i class=\&quot;mi-align-justify\&quot;&gt;&lt;/i&gt; Navigation&quot;,&quot;objecticonclass&quot;:&quot;mi-cog&quot;,&quot;cssstyles&quot;:&quot;&quot;}</string><string>{&quot;object&quot;:&quot;archive_nav&quot;,&quot;render&quot;:&quot;server&quot;,&quot;cssstyles&quot;:&quot;&quot;,&quot;objecticonclass&quot;:&quot;mi-cog&quot;,&quot;objectname&quot;:&quot;&lt;i class=\&quot;mi-align-justify\&quot;&gt;&lt;/i&gt; Navigation&quot;}</string><string>{&quot;object&quot;:&quot;comments&quot;,&quot;objectname&quot;:&quot;&quot;,&quot;inited&quot;:true,&quot;css&quot;:&quot;&quot;,&quot;render&quot;:&quot;server&quot;,&quot;objecticonclass&quot;:&quot;mi-cog&quot;,&quot;cssstyles&quot;:&quot;&quot;}</string><string>{&quot;object&quot;:&quot;category_summary&quot;,&quot;objectname&quot;:&quot;&quot;,&quot;inited&quot;:true,&quot;taggroup&quot;:&quot;&quot;,&quot;css&quot;:&quot;&quot;,&quot;render&quot;:&quot;server&quot;,&quot;displayrss&quot;:false,&quot;objecticonclass&quot;:&quot;mi-cog&quot;,&quot;cssstyles&quot;:&quot;&quot;}</string><string>{&quot;object&quot;:&quot;category_summary&quot;,&quot;objectname&quot;:&quot;&quot;,&quot;objecticonclass&quot;:&quot;mi-align-justify&quot;,&quot;inited&quot;:true,&quot;taggroup&quot;:&quot;&quot;,&quot;cssclass&quot;:&quot;&quot;,&quot;class&quot;:&quot;&quot;,&quot;render&quot;:&quot;server&quot;,&quot;displayrss&quot;:false,&quot;cssstyles&quot;:&quot;&quot;}</string><string>{&quot;object&quot;:&quot;tag_cloud&quot;,&quot;objectname&quot;:&quot;Navigation&quot;,&quot;objecticonclass&quot;:&quot;mi-align-justify&quot;,&quot;inited&quot;:true,&quot;taggroup&quot;:&quot;News&quot;,&quot;cssclass&quot;:&quot;&quot;,&quot;class&quot;:&quot;&quot;,&quot;render&quot;:&quot;server&quot;,&quot;cssstyles&quot;:&quot;&quot;}</string><string></string><string>{&quot;object&quot;:&quot;standard_nav&quot;,&quot;inited&quot;:&quot;YES&quot;,&quot;css&quot;:&quot;&quot;,&quot;objecticonclass&quot;:&quot;mi-align-justify&quot;,&quot;objectname&quot;:&quot;Navigation&quot;,&quot;render&quot;:&quot;server&quot;,&quot;taggroup&quot;:&quot;&quot;}</string><string>{&quot;object&quot;:&quot;collection&quot;,&quot;css&quot;:&quot;&quot;,&quot;viewalllink&quot;:&quot;&quot;,&quot;objecticonclass&quot;:&quot;mi-th-list&quot;,&quot;objectname&quot;:&quot;Collection&quot;,&quot;layout&quot;:&quot;default&quot;,&quot;render&quot;:&quot;server&quot;,&quot;items&quot;:&quot;&quot;,&quot;sourcetype&quot;:&quot;remotefeed&quot;,&quot;displaylist&quot;:&quot;Image,Date,Title,Summary,Credits,Tags&quot;,&quot;viewalllabel&quot;:&quot;&quot;,&quot;inited&quot;:&quot;YES&quot;,&quot;nextn&quot;:20,&quot;modalimages&quot;:&quot;NO&quot;,&quot;imagesize&quot;:&quot;small&quot;,&quot;imagewidth&quot;:&quot;AUTO&quot;,&quot;displaysummaries&quot;:1,&quot;sortby&quot;:&quot;&quot;,&quot;source&quot;:&quot;26B20624-809B-40BE-97DE7BE78226989A&quot;,&quot;label&quot;:&quot;&quot;,&quot;imageheight&quot;:&quot;AUTO&quot;,&quot;maxitems&quot;:2}</string><string>{&quot;imageSize&quot;:&quot;small&quot;,&quot;imageWidth&quot;:&quot;AUTO&quot;,&quot;imageHeight&quot;:&quot;AUTO&quot;,&quot;displayName&quot;:&quot;1&quot;,&quot;altName&quot;:&quot;&quot;,&quot;cssclass&quot;:&quot;&quot;,&quot;viewalllink&quot;:&quot;&quot;,&quot;viewalllabel&quot;:&quot;&quot;,&quot;maxItems&quot;:&quot;3&quot;,&quot;nextN&quot;:&quot;20&quot;,&quot;displayList&quot;:&quot;Date,Title,Image,Summary,Credits,Tags&quot;}</string></field></recordset></data></wddxPacket>
