<wddxPacket version='1.0'><header/><data><recordset rowCount='2' fieldNames='MLID,SITEID,NAME,DESCRIPTION,LASTUPDATE,ISPURGE,ISPUBLIC' type='coldfusion.sql.QueryTable'><field name='MLID'><string>284CE36A-569C-4603-B5DB6733AC52CD77</string><string>DAD58973-8CEB-4F65-899FE392A68F9152</string></field><field name='SITEID'><string>zerofour</string><string>zerofour</string></field><field name='NAME'><string>Master Do Not Email List</string><string>Sign Up for Our Mailing List</string></field><field name='DESCRIPTION'><string></string><string></string></field><field name='LASTUPDATE'><dateTime>2010-12-10T18:55:48+0:0</dateTime><dateTime>2013-9-27T6:54:7+0:0</dateTime></field><field name='ISPURGE'><number>1.0</number><number>0.0</number></field><field name='ISPUBLIC'><number>1.0</number><number>1.0</number></field></recordset></data></wddxPacket>
