<wddxPacket version='1.0'><header/><data><recordset rowCount='8' fieldNames='MEMBERSHIPID,CREATED,ORDERNO,CHAINID,SITEID,GROUPID' type='coldfusion.sql.QueryTable'><field name='MEMBERSHIPID'><string>A534AEBF-C443-433A-8D84A369F748C582</string><string>A9DA789E-85B1-4D2E-A2727169CAA6E6BE</string><string>1488C292-D3DA-4EA3-AD2A341981195C8B</string><string>AB0B565F-0266-4A65-881C43853532A70C</string><string>D2833E50-DE69-4E83-A50C6CCFAD6D8115</string><string>60D5067F-CE7B-4761-A50B01603D1DE6D0</string><string>E29D6364-9BBC-4BE1-BEB32C4ACA5E0639</string><string>5930E080-1C5B-4C2F-85FB8D5247B200C9</string></field><field name='CREATED'><dateTime>2017-1-17T21:19:51+0:0</dateTime><dateTime>2017-1-17T21:20:49+0:0</dateTime><dateTime>2017-1-17T20:20:49+0:0</dateTime><dateTime>2017-1-17T20:19:51+0:0</dateTime><dateTime>2017-1-17T21:19:51+0:0</dateTime><dateTime>2017-1-17T21:20:49+0:0</dateTime><dateTime>2017-1-17T20:20:49+0:0</dateTime><dateTime>2017-1-17T20:19:51+0:0</dateTime></field><field name='ORDERNO'><number>2.0</number><number>1.0</number><number>1.0</number><number>2.0</number><number>2.0</number><number>1.0</number><number>1.0</number><number>2.0</number></field><field name='CHAINID'><string>466FBF5B-1885-4689-B1E3A6B9549ECB48</string><string>466FBF5B-1885-4689-B1E3A6B9549ECB48</string><string>466FBF5B-1885-4689-B1E3A6B9549ECB48</string><string>466FBF5B-1885-4689-B1E3A6B9549ECB48</string><string>466FBF5B-1885-4689-B1E3A6B9549ECB48</string><string>466FBF5B-1885-4689-B1E3A6B9549ECB48</string><string>466FBF5B-1885-4689-B1E3A6B9549ECB48</string><string>466FBF5B-1885-4689-B1E3A6B9549ECB48</string></field><field name='SITEID'><string>default</string><string>default</string><string>zerofour</string><string>zerofour</string><string>test</string><string>test</string><string>test</string><string>test</string></field><field name='GROUPID'><string>223DAACF-0BB1-428B-928629A2877793AA</string><string>F4C9CD4C-DC7B-40CE-92D2C3B516482FFA</string><string>F4C9CD4C-DC7B-40CE-92D2C3B516482FFA</string><string>223DAACF-0BB1-428B-928629A2877793AA</string><string>223DAACF-0BB1-428B-928629A2877793AA</string><string>F4C9CD4C-DC7B-40CE-92D2C3B516482FFA</string><string>F4C9CD4C-DC7B-40CE-92D2C3B516482FFA</string><string>223DAACF-0BB1-428B-928629A2877793AA</string></field></recordset></data></wddxPacket>
