<wddxPacket version='1.0'><header/><data><recordset rowCount='15' fieldNames='TAGID,CONTENTID,CONTENTHISTID,SITEID,TAG,TAGGROUP' type='coldfusion.sql.QueryTable'><field name='TAGID'><number>55.0</number><number>56.0</number><number>53.0</number><number>54.0</number><number>59.0</number><number>60.0</number><number>38.0</number><number>39.0</number><number>47.0</number><number>48.0</number><number>44.0</number><number>45.0</number><number>46.0</number><number>57.0</number><number>58.0</number></field><field name='CONTENTID'><string>1ACA1CA6-A239-4A93-99F32540DDFFDD13</string><string>1ACA1CA6-A239-4A93-99F32540DDFFDD13</string><string>59A47B76-05C3-4DB9-8486061366F8E4C5</string><string>59A47B76-05C3-4DB9-8486061366F8E4C5</string><string>9EC6F8F6-6090-4393-B4AE7BBBDE858C0D</string><string>9EC6F8F6-6090-4393-B4AE7BBBDE858C0D</string><string>AC1122BC-86FF-4325-BBB8C75B7F66051A</string><string>AC1122BC-86FF-4325-BBB8C75B7F66051A</string><string>B903469E-21BF-4161-97004528770C6B89</string><string>B903469E-21BF-4161-97004528770C6B89</string><string>C19BEAA5-22CA-4D8B-94BCBE8341B20FA2</string><string>C19BEAA5-22CA-4D8B-94BCBE8341B20FA2</string><string>C19BEAA5-22CA-4D8B-94BCBE8341B20FA2</string><string>F46951BC-B202-4D62-9EC4D32D5A55AAB5</string><string>F46951BC-B202-4D62-9EC4D32D5A55AAB5</string></field><field name='CONTENTHISTID'><string>06924939-34DC-4FF5-B9CA965D0A06632F</string><string>06924939-34DC-4FF5-B9CA965D0A06632F</string><string>CFC64772-E229-4727-A6E87E9ADE37D005</string><string>CFC64772-E229-4727-A6E87E9ADE37D005</string><string>8174F75E-CC6B-4E9E-AFE735F0EB7958C8</string><string>8174F75E-CC6B-4E9E-AFE735F0EB7958C8</string><string>8D21C553-02DF-4685-AB3CA28D9CF4393F</string><string>8D21C553-02DF-4685-AB3CA28D9CF4393F</string><string>68C629F8-1ACD-4FDA-A4DE1B56A7AC22BC</string><string>68C629F8-1ACD-4FDA-A4DE1B56A7AC22BC</string><string>E74A72B2-B67A-4416-9E2E8F825F8BEDDC</string><string>E74A72B2-B67A-4416-9E2E8F825F8BEDDC</string><string>E74A72B2-B67A-4416-9E2E8F825F8BEDDC</string><string>C192E201-C876-4C90-846CD9CB27D2801C</string><string>C192E201-C876-4C90-846CD9CB27D2801C</string></field><field name='SITEID'><string>zerofour</string><string>zerofour</string><string>zerofour</string><string>zerofour</string><string>zerofour</string><string>zerofour</string><string>zerofour</string><string>zerofour</string><string>zerofour</string><string>zerofour</string><string>zerofour</string><string>zerofour</string><string>zerofour</string><string>zerofour</string><string>zerofour</string></field><field name='TAG'><string>travel</string><string>fun</string><string>school</string><string>kids</string><string>fun</string><string>kids</string><string>california</string><string>developer</string><string>california</string><string>birds</string><string>california</string><string>wine</string><string>running</string><string>fun</string><string>travel</string></field><field name='TAGGROUP'><string></string><string></string><string></string><string></string><string></string><string></string><string>News</string><string>News</string><string>News</string><string>News</string><string>News</string><string>News</string><string>News</string><string></string><string></string></field></recordset></data></wddxPacket>
