<wddxPacket version='1.0'><header/><data><recordset rowCount='1' fieldNames='PARAMID,FEEDID,PARAM,RELATIONSHIP,FIELD,CONDITION,CRITERIA,DATATYPE' type='coldfusion.sql.QueryTable'><field name='PARAMID'><string>7699E9EA-40FF-4E08-B7DC665FE4AA2717</string></field><field name='FEEDID'><string>E07A5623-B3AA-42B6-92CE37D59AA56BBF</string></field><field name='PARAM'><number>1.0</number></field><field name='RELATIONSHIP'><string>and</string></field><field name='FIELD'><string></string></field><field name='CONDITION'><string>Equals</string></field><field name='CRITERIA'><string></string></field><field name='DATATYPE'><string>varchar</string></field></recordset></data></wddxPacket>
