<wddxPacket version='1.0'><header/><data><recordset rowCount='1' fieldNames='DOMAIN,SITEID,THEME,LARGEIMAGEWIDTH,LARGEIMAGEHEIGHT,SMALLIMAGEWIDTH,SMALLIMAGEHEIGHT,MEDIUMIMAGEWIDTH,MEDIUMIMAGEHEIGHT,COLUMNCOUNT,COLUMNNAMES,PRIMARYCOLUMN,BASEID,CUSTOMTAGGROUPS,PLACEHOLDERIMGID,PLACEHOLDERIMGEXT' type='coldfusion.sql.QueryTable'><field name='DOMAIN'><string>localhost</string></field><field name='SITEID'><string>zerofour</string></field><field name='THEME'><string>html5up-zerofour</string></field><field name='LARGEIMAGEWIDTH'><string>AUTO</string></field><field name='LARGEIMAGEHEIGHT'><string>600</string></field><field name='SMALLIMAGEWIDTH'><string>80</string></field><field name='SMALLIMAGEHEIGHT'><string>80</string></field><field name='MEDIUMIMAGEWIDTH'><string>180</string></field><field name='MEDIUMIMAGEHEIGHT'><string>180</string></field><field name='COLUMNCOUNT'><number>3.0</number></field><field name='COLUMNNAMES'><string>Left Column^Main Content^Right Column</string></field><field name='PRIMARYCOLUMN'><number>2.0</number></field><field name='BASEID'><string>77EA4942-AF5D-4179-B3BFC65E8141E055</string></field><field name='CUSTOMTAGGROUPS'><string>News^Blog</string></field><field name='PLACEHOLDERIMGID'><string>E83FEA06-2C6A-490B-869EB6E608ADA90A</string></field><field name='PLACEHOLDERIMGEXT'><string></string></field></recordset></data></wddxPacket>
