<wddxPacket version='1.0'><header/><data><recordset rowCount='4' fieldNames='CREATED,LASTUPDATEBYID,LASTUPDATE,CHAINID,NAME,LASTUPDATEBY,SITEID,DESCRIPTION' type='coldfusion.sql.QueryTable'><field name='CREATED'><dateTime>2017-1-17T21:19:51+0:0</dateTime><dateTime>2017-1-17T20:19:51+0:0</dateTime><dateTime>2017-1-17T21:19:51+0:0</dateTime><dateTime>2017-1-17T20:19:51+0:0</dateTime></field><field name='LASTUPDATEBYID'><string>D1DA34E0-A94A-4356-B2BDE3780DD10701</string><string>D1DA34E0-A94A-4356-B2BDE3780DD10701</string><string>D1DA34E0-A94A-4356-B2BDE3780DD10701</string><string>D1DA34E0-A94A-4356-B2BDE3780DD10701</string></field><field name='LASTUPDATE'><dateTime>2018-11-7T19:39:35+0:0</dateTime><dateTime>2018-11-10T18:46:47+0:0</dateTime><dateTime>2018-11-10T19:44:43+0:0</dateTime><dateTime>2018-11-10T19:44:43+0:0</dateTime></field><field name='CHAINID'><string>13979F2D-C06B-4C31-8CD75209139DFB98</string><string>AF3377A3-E6AB-4576-AB820BC1753A22D6</string><string>DF5F6BE3-6991-4974-BF82378C47FC2D4A</string><string>AB9A1665-500A-49CC-B9EFE9424C0A9005</string></field><field name='NAME'><string>Default Approval Chain</string><string>Default Approval Chain</string><string>Default Approval Chain</string><string>Default Approval Chain</string></field><field name='LASTUPDATEBY'><string>Admin User</string><string>Admin User</string><string>Admin User</string><string>Admin User</string></field><field name='SITEID'><string>default</string><string>zerofour</string><string>test</string><string>test</string></field><field name='DESCRIPTION'><string></string><string></string><string></string><string></string></field></recordset></data></wddxPacket>
