<wddxPacket version='1.0'><header/><data><recordset rowCount='8' fieldNames='REQUESTID,CREATED,ACTIONTYPE,ACTIONTID,CHAINID,COMMENTS,SITEID,PARENTID,USERID,GROUPID' type='coldfusion.sql.QueryTable'><field name='REQUESTID'><string>52F7B52F-4149-4D5F-9753830E4E394D79</string><string>52F7B52F-4149-4D5F-9753830E4E394D79</string><string>52F7B52F-4149-4D5F-9753830E4E394D79</string><string>52F7B52F-4149-4D5F-9753830E4E394D79</string><string>52F7B52F-4149-4D5F-9753830E4E394D79</string><string>52F7B52F-4149-4D5F-9753830E4E394D79</string><string>52F7B52F-4149-4D5F-9753830E4E394D79</string><string>52F7B52F-4149-4D5F-9753830E4E394D79</string></field><field name='CREATED'><dateTime>2017-1-17T21:43:26+0:0</dateTime><dateTime>2017-1-17T21:41:56+0:0</dateTime><dateTime>2017-1-17T20:41:56+0:0</dateTime><dateTime>2017-1-17T20:43:26+0:0</dateTime><dateTime>2017-1-17T21:43:26+0:0</dateTime><dateTime>2017-1-17T21:41:56+0:0</dateTime><dateTime>2017-1-17T20:41:56+0:0</dateTime><dateTime>2017-1-17T20:43:26+0:0</dateTime></field><field name='ACTIONTYPE'><string>Approval</string><string>Approval</string><string>Approval</string><string>Approval</string><string>Approval</string><string>Approval</string><string>Approval</string><string>Approval</string></field><field name='ACTIONTID'><string>08A668BE-BCD6-4DEE-AB46559DB815C408</string><string>E3EF721F-B60B-435F-B7EE91F51534957F</string><string>8DAD14CE-4569-434D-89D82BFB1FCF1210</string><string>BA3CD340-1067-41E7-A65DDA767A50C58C</string><string>CE0F6947-E150-4C22-BACF40E13F6CAAFA</string><string>6E11FB6D-ADD4-4375-B611AD559B2F5F0B</string><string>2D118353-167B-4BEC-83D2DF3105890F00</string><string>E458F2E3-7773-4575-B5376BC5694E14D3</string></field><field name='CHAINID'><string>466FBF5B-1885-4689-B1E3A6B9549ECB48</string><string>466FBF5B-1885-4689-B1E3A6B9549ECB48</string><string>466FBF5B-1885-4689-B1E3A6B9549ECB48</string><string>466FBF5B-1885-4689-B1E3A6B9549ECB48</string><string>466FBF5B-1885-4689-B1E3A6B9549ECB48</string><string>466FBF5B-1885-4689-B1E3A6B9549ECB48</string><string>466FBF5B-1885-4689-B1E3A6B9549ECB48</string><string>466FBF5B-1885-4689-B1E3A6B9549ECB48</string></field><field name='COMMENTS'><string></string><string></string><string></string><string></string><string></string><string></string><string></string><string></string></field><field name='SITEID'><string>default</string><string>default</string><string>zerofour</string><string>zerofour</string><string>test</string><string>test</string><string>test</string><string>test</string></field><field name='PARENTID'><string></string><string></string><string></string><string></string><string></string><string></string><string></string><string></string></field><field name='USERID'><string>6823FD59-9485-4B1F-B2FD7EC5B449C96E</string><string>52C12A69-B4BD-4597-808678E2B28BC8AA</string><string>52C12A69-B4BD-4597-808678E2B28BC8AA</string><string>6823FD59-9485-4B1F-B2FD7EC5B449C96E</string><string>6823FD59-9485-4B1F-B2FD7EC5B449C96E</string><string>52C12A69-B4BD-4597-808678E2B28BC8AA</string><string>52C12A69-B4BD-4597-808678E2B28BC8AA</string><string>6823FD59-9485-4B1F-B2FD7EC5B449C96E</string></field><field name='GROUPID'><string>223DAACF-0BB1-428B-928629A2877793AA</string><string>F4C9CD4C-DC7B-40CE-92D2C3B516482FFA</string><string>F4C9CD4C-DC7B-40CE-92D2C3B516482FFA</string><string>223DAACF-0BB1-428B-928629A2877793AA</string><string>223DAACF-0BB1-428B-928629A2877793AA</string><string>F4C9CD4C-DC7B-40CE-92D2C3B516482FFA</string><string>F4C9CD4C-DC7B-40CE-92D2C3B516482FFA</string><string>223DAACF-0BB1-428B-928629A2877793AA</string></field></recordset></data></wddxPacket>
