<wddxPacket version='1.0'><header/><data><recordset rowCount='4' fieldNames='CONTENTHISTID,RELATEDID,CONTENTID,SITEID,RELATEDCONTENTSETID,ORDERNO,RELATEDCONTENTID' type='coldfusion.sql.QueryTable'><field name='CONTENTHISTID'><string>A789D7F4-6CDA-4B85-9B9179EFBA37148E</string><string>D4136060-E15D-4E50-988EC9F5C9F22224</string><string>B040A293-F80D-42E3-9826039C6E49CDF9</string><string>B040A293-F80D-42E3-9826039C6E49CDF9</string></field><field name='RELATEDID'><string>4F9E7188-F405-4256-8C8297CFC60E7ECB</string><string>4F9E7188-F405-4256-8C8297CFC60E7ECB</string><string>9EC6F8F6-6090-4393-B4AE7BBBDE858C0D</string><string>AC1122BC-86FF-4325-BBB8C75B7F66051A</string></field><field name='CONTENTID'><string>9157C75A-953D-4DB6-B206B8E29FFEE5DB</string><string>92CD9172-BA92-4508-B974C9E1B4F843BA</string><string>4F9E7188-F405-4256-8C8297CFC60E7ECB</string><string>4F9E7188-F405-4256-8C8297CFC60E7ECB</string></field><field name='SITEID'><string>zerofour</string><string>zerofour</string><string>zerofour</string><string>zerofour</string></field><field name='RELATEDCONTENTSETID'><string>00000000000000000000000000000000000</string><string>00000000000000000000000000000000000</string><string>00000000000000000000000000000000000</string><string>00000000000000000000000000000000000</string></field><field name='ORDERNO'><number>1.0</number><number>1.0</number><number>2.0</number><number>1.0</number></field><field name='RELATEDCONTENTID'><number>7.0</number><number>15.0</number><number>14.0</number><number>13.0</number></field></recordset></data></wddxPacket>
