<wddxPacket version='1.0'><header/><data><recordset rowCount='1' fieldNames='FEEDID,SITEID,PARENTID,NAME,ISACTIVE,ISPUBLIC,ISDEFAULT,ISFEATURESONLY,DESCRIPTION,MAXITEMS,ALLOWHTML,LANG,LASTUPDATEBY,LASTUPDATE,DATECREATED,RESTRICTED,RESTRICTGROUPS,VERSION,CHANNELLINK,TYPE,SORTBY,SORTDIRECTION,NEXTN,DISPLAYNAME,DISPLAYRATINGS,DISPLAYCOMMENTS,ALTNAME,REMOTEID,REMOTESOURCEURL,REMOTEPUBDATE,IMAGESIZE,IMAGEHEIGHT,IMAGEWIDTH,DISPLAYLIST,SHOWNAVONLY,SHOWEXCLUDESEARCH,VIEWALLLINK,VIEWALLLABEL,CSSCLASS,AUTOIMPORT,ISLOCKED,CONTENTPOOLID,USECATEGORYINTERSECT,AUTHTYPE' type='coldfusion.sql.QueryTable'><field name='FEEDID'><string>E07A5623-B3AA-42B6-92CE37D59AA56BBF</string></field><field name='SITEID'><string>zerofour</string></field><field name='PARENTID'><string></string></field><field name='NAME'><string>From Our Blog</string></field><field name='ISACTIVE'><number>1.0</number></field><field name='ISPUBLIC'><number>0.0</number></field><field name='ISDEFAULT'><number>0.0</number></field><field name='ISFEATURESONLY'><number>0.0</number></field><field name='DESCRIPTION'><string></string></field><field name='MAXITEMS'><number>3.0</number></field><field name='ALLOWHTML'><number>1.0</number></field><field name='LANG'><string>en-us</string></field><field name='LASTUPDATEBY'><string>Admin User</string></field><field name='LASTUPDATE'><dateTime>2018-11-10T18:49:39+0:0</dateTime></field><field name='DATECREATED'><dateTime>2018-11-10T18:49:39+0:0</dateTime></field><field name='RESTRICTED'><number>0.0</number></field><field name='RESTRICTGROUPS'><string></string></field><field name='VERSION'><string>RSS 2.0</string></field><field name='CHANNELLINK'><string></string></field><field name='TYPE'><string>Local</string></field><field name='SORTBY'><string>releaseDate</string></field><field name='SORTDIRECTION'><string>desc</string></field><field name='NEXTN'><number>20.0</number></field><field name='DISPLAYNAME'><number>0.0</number></field><field name='DISPLAYRATINGS'><number>0.0</number></field><field name='DISPLAYCOMMENTS'><number>0.0</number></field><field name='ALTNAME'><string></string></field><field name='REMOTEID'><string></string></field><field name='REMOTESOURCEURL'><string></string></field><field name='REMOTEPUBDATE'><string></string></field><field name='IMAGESIZE'><string>small</string></field><field name='IMAGEHEIGHT'><string>AUTO</string></field><field name='IMAGEWIDTH'><string>AUTO</string></field><field name='DISPLAYLIST'><string>Date,Title,Image,Summary,Credits,Tags</string></field><field name='SHOWNAVONLY'><number>1.0</number></field><field name='SHOWEXCLUDESEARCH'><number>0.0</number></field><field name='VIEWALLLINK'><string></string></field><field name='VIEWALLLABEL'><string></string></field><field name='CSSCLASS'><string></string></field><field name='AUTOIMPORT'><number>0.0</number></field><field name='ISLOCKED'><number>0.0</number></field><field name='CONTENTPOOLID'><string>zerofour</string></field><field name='USECATEGORYINTERSECT'><number>0.0</number></field><field name='AUTHTYPE'><string>DEFAULT</string></field></recordset></data></wddxPacket>
